Dataset,Total_Statements,Number_of_Clusters,Noise_Points,Noise_Percentage,Avg_Cluster_Size,Silhouette_Score,Vector_Dimension
PersonaChat,426,12,180,42.25352112676056,20.5,0.3964774841062605,48
SyntheticPersonaChat,475,10,161,33.89473684210526,31.4,0.007878673707979627,48
MSC,718,16,246,34.26183844011142,29.5,0.3477129173472775,48
PEC,11258,174,5765,51.208029845443235,31.56896551724138,0.4591378429326099,48
FoCus,495,11,204,41.21212121212121,26.454545454545453,0.411565076886562,48
MPChat,1462,45,602,41.17647058823529,19.11111111111111,0.2641515374728862,48
PER-CHAT,8359,61,4936,59.05012561311162,56.114754098360656,0.4744319821328958,48
